{"lr": {"accuracy": 0.5437960215408286, "recall": 0.5747779485952377, "roc_auc": 0.5986520682593539}, "rf": {"accuracy": 0.7034289482360699, "recall": 0.6536974107119002, "roc_auc": 0.717275259527026}, "xgb": {"accuracy": 0.7028244862072756, "recall": 0.6667037308933863, "roc_auc": 0.7377745332462919}, "lgbm": {"accuracy": 0.7099681283657545, "recall": 0.67149911487258, "roc_auc": 0.7423052719675964}, "dt": {"accuracy": 0.6874381800197824, "recall": 0.6235044599038441, "roc_auc": 0.6676054471926244}, "gbc": {"accuracy": 0.6728211891416639, "recall": 0.6463464245847046, "roc_auc": 0.7075877243164946}, "nb": {"accuracy": 0.5246730409935157, "recall": 0.5424178149897838, "roc_auc": 0.5624289836251427}}