{"lr": {"accuracy": 0.5437960215408286, "recall": 0.5747779485952377, "roc_auc": 0.5986520682593539}, "rf": {"accuracy": 0.7033739971425431, "recall": 0.654796080929918, "roc_auc": 0.7171886779193233}, "xgb": {"accuracy": 0.7028244862072756, "recall": 0.6667037308933863, "roc_auc": 0.7377745332462919}, "lgbm": {"accuracy": 0.7099681283657545, "recall": 0.67149911487258, "roc_auc": 0.7423052719675964}, "dt": {"accuracy": 0.6883723486097373, "recall": 0.6239502760505661, "roc_auc": 0.6679912239383988}, "gbc": {"accuracy": 0.6728211891416639, "recall": 0.6463464245847046, "roc_auc": 0.7075877243164946}, "nb": {"accuracy": 0.5246730409935157, "recall": 0.5424178149897838, "roc_auc": 0.5624289836251427}}