{"lr": {"accuracy": 0.5159907682162875, "recall": 0.5641573817915015, "roc_auc": 0.5948689330008822}, "lgbm": {"accuracy": 0.6979338388833938, "recall": 0.6642011198743346, "roc_auc": 0.7356439377754213}, "dt": {"accuracy": 0.6885921529838444, "recall": 0.6308351920002095, "roc_auc": 0.6719786684335806}, "nb": {"accuracy": 0.5179690075832509, "recall": 0.5404456132196068, "roc_auc": 0.5531589521958277}}