{"lr": {"metrics": {"accuracy": 0.6005917159763313, "recall": 0.6009625169884905, "average": 0.6135480948495181}}, "rf": {"metrics": {"accuracy": 0.6627218934911243, "recall": 0.6629767993574466, "average": 0.6846367338234328}}, "svc": {"metrics": {"accuracy": 0.625, "recall": 0.6253963981117334, "average": 0.638534437667286}}, "xgb": {"metrics": {"accuracy": 0.639792899408284, "recall": 0.6407423942993082, "average": 0.6662549671668406}}, "lgbm": {"metrics": {"accuracy": 0.6560650887573964, "recall": 0.6565414169002926, "average": 0.6800523590643953}}, "dt": {"metrics": {"accuracy": 0.6124260355029586, "recall": 0.6129513029433586, "average": 0.6312912063446023}}, "gbc": {"metrics": {"accuracy": 0.6375739644970414, "recall": 0.6385002418329404, "average": 0.6620632755164682}}}