{"lr": {"accuracy": 0.5137377733816902, "recall": 0.5644640234645283, "roc_auc": 0.593701870993725}, "rf": {"accuracy": 0.7074953291570503, "recall": 0.6592434486123856, "roc_auc": 0.7280432581501795}, "xgb": {"accuracy": 0.7227717331574899, "recall": 0.668127632340898, "roc_auc": 0.7432984342462756}, "lgbm": {"accuracy": 0.71903505879767, "recall": 0.6697378441651828, "roc_auc": 0.7491511692840269}, "dt": {"accuracy": 0.6880426420485768, "recall": 0.6268478764573557, "roc_auc": 0.6750223780698397}, "gbc": {"accuracy": 0.7178810858336081, "recall": 0.6636685728625351, "roc_auc": 0.7400626364638807}, "nb": {"accuracy": 0.515880866029234, "recall": 0.5400102685049685, "roc_auc": 0.5528421594632309}}