{"lr": {"accuracy": 0.5152214529069129, "recall": 0.5631032798309542, "roc_auc": 0.5948155956747987}, "rf": {"accuracy": 0.7055170897900869, "recall": 0.6594569159522956, "roc_auc": 0.7195008980736831}, "xgb": {"accuracy": 0.7107923947686559, "recall": 0.6715039514769909, "roc_auc": 0.7448417715393091}, "lgbm": {"accuracy": 0.7082096933728981, "recall": 0.672608484137553, "roc_auc": 0.7492110575846002}, "dt": {"accuracy": 0.49010880316518296, "recall": 0.567617270115682, "roc_auc": 0.6080078787566889}, "gbc": {"accuracy": 0.7041982635454446, "recall": 0.6659645418767799, "roc_auc": 0.7387916810178254}, "nb": {"accuracy": 0.5179690075832509, "recall": 0.5404456132196068, "roc_auc": 0.5531589521958277}}