{"lr": {"accuracy": 0.5136278711946368, "recall": 0.5643869462331425, "roc_auc": 0.5936993774921736}, "rf": {"accuracy": 0.7057918452577207, "recall": 0.6570196288442122, "roc_auc": 0.7184537897210371}, "xgb": {"accuracy": 0.7020002198043741, "recall": 0.6622504049210448, "roc_auc": 0.7285684722017954}, "lgbm": {"accuracy": 0.7099681283657545, "recall": 0.6667522080325099, "roc_auc": 0.7366067392176271}, "dt": {"accuracy": 0.690295636883174, "recall": 0.6261981938904313, "roc_auc": 0.6689338005732279}, "gbc": {"accuracy": 0.6694691724365315, "recall": 0.6384635952314571, "roc_auc": 0.6980081319430002}, "nb": {"accuracy": 0.515880866029234, "recall": 0.5400102685049685, "roc_auc": 0.5528421594632309}}