{"lr": {"accuracy": 0.7473014649190439, "recall": 0.49987106756059824, "roc_auc": 0.5976969812093272}, "rf": {"accuracy": 0.7269660755589823, "recall": 0.6034169064875654, "roc_auc": 0.6653859705758459}, "xgb": {"accuracy": 0.7615651503469545, "recall": 0.5852361530496951, "roc_auc": 0.6923936258164081}, "lgbm": {"accuracy": 0.7616615265998458, "recall": 0.5870698479187746, "roc_auc": 0.6917075280797137}, "dt": {"accuracy": 0.7157864302235929, "recall": 0.5878509226051045, "roc_auc": 0.623572983634438}, "gbc": {"accuracy": 0.7581919814957594, "recall": 0.5790622576365404, "roc_auc": 0.6930974886716612}, "nb": {"accuracy": 0.5732459521973786, "recall": 0.5716151789897208, "roc_auc": 0.5682047437295529}}