{"lr": {"accuracy": 0.5782796598354942, "recall": 0.5550068082981139, "roc_auc": 0.5832200972793506}, "rf": {"accuracy": 0.6842325386867419, "recall": 0.6784416064756574, "roc_auc": 0.7509723223442533}, "xgb": {"accuracy": 0.6832566569078489, "recall": 0.6766816967503922, "roc_auc": 0.7502094709944512}, "lgbm": {"accuracy": 0.6832566569078489, "recall": 0.676315721279112, "roc_auc": 0.7509222220651681}, "dt": {"accuracy": 0.6340443329150983, "recall": 0.6309843526934005, "roc_auc": 0.6840206416290915}, "gbc": {"accuracy": 0.6743343092151122, "recall": 0.668626467082232, "roc_auc": 0.7450161608737237}, "nb": {"accuracy": 0.5519308518053813, "recall": 0.54498765554252, "roc_auc": 0.5596320534989312}}