{"lr": {"accuracy": 0.5377683346765331, "recall": 0.5719370384785932, "roc_auc": 0.5981437304386639}, "rf": {"accuracy": 0.7130192688109019, "recall": 0.6690476911447305, "roc_auc": 0.7420276186834852}, "xgb": {"accuracy": 0.7198329547952231, "recall": 0.6701164178986239, "roc_auc": 0.7479330105606459}, "lgbm": {"accuracy": 0.7199794856766063, "recall": 0.6790994791079249, "roc_auc": 0.7517266693573657}, "dt": {"accuracy": 0.6916257601289472, "recall": 0.6269648764762795, "roc_auc": 0.6734326722080333}, "gbc": {"accuracy": 0.7213715290497472, "recall": 0.5500165241367578, "roc_auc": 0.5789887353388352}, "nb": {"accuracy": 0.5212836105209173, "recall": 0.5431620172195004, "roc_auc": 0.5583090817760531}}