{"lr": {"accuracy": 0.5776871601840234, "recall": 0.5531545851583886, "roc_auc": 0.5893841935696271}, "rf": {"accuracy": 0.6612296110414053, "recall": 0.6549211750893265, "roc_auc": 0.7154803300042348}, "xgb": {"accuracy": 0.6473232956921791, "recall": 0.6414004085158124, "roc_auc": 0.7062798096770339}, "lgbm": {"accuracy": 0.6228565453785028, "recall": 0.6064258096837418, "roc_auc": 0.67995629488056}, "dt": {"accuracy": 0.5744458385612714, "recall": 0.5320637780351523, "roc_auc": 0.5781097829316226}, "gbc": {"accuracy": 0.5751777498954412, "recall": 0.5329935831136912, "roc_auc": 0.6350463212305537}, "nb": {"accuracy": 0.5462149728147219, "recall": 0.5411251078351469, "roc_auc": 0.5598027422210854}}