{"lr": {"accuracy": 0.5773734838979506, "recall": 0.5528480923836745, "roc_auc": 0.5895380136655618}, "lgbm": {"accuracy": 0.6388540359682141, "recall": 0.6324610138542678, "roc_auc": 0.6979663972707711}, "dt": {"accuracy": 0.6345671267252195, "recall": 0.6322501097548641, "roc_auc": 0.6531658916305099}, "nb": {"accuracy": 0.5462149728147219, "recall": 0.5411251078351469, "roc_auc": 0.5598027422210854}}