{"lr": {"accuracy": 0.7124409275744588, "recall": 0.5009681425520377, "roc_auc": 0.5929627469687874}, "rf": {"accuracy": 0.7267831629849434, "recall": 0.6430974653984609, "roc_auc": 0.722933601329175}, "xgb": {"accuracy": 0.7527200791295747, "recall": 0.6238962345706845, "roc_auc": 0.7486981634962705}, "lgbm": {"accuracy": 0.7532146389713156, "recall": 0.6267587153338364, "roc_auc": 0.7535257152896913}, "dt": {"accuracy": 0.7123310253874052, "recall": 0.6214699395256528, "roc_auc": 0.6955965028183354}, "gbc": {"accuracy": 0.750576986482031, "recall": 0.6185626052434708, "roc_auc": 0.7426848410568339}, "nb": {"accuracy": 0.5268161336410595, "recall": 0.5396751655035834, "roc_auc": 0.5538469225528452}}