{"lr": {"accuracy": 0.5141773821299044, "recall": 0.563971903637644, "roc_auc": 0.5945139557593216}, "rf": {"accuracy": 0.7050774810418727, "recall": 0.6605207706023426, "roc_auc": 0.7205444137184724}, "xgb": {"accuracy": 0.7105176393010221, "recall": 0.6698247478583035, "roc_auc": 0.7438501620392393}, "lgbm": {"accuracy": 0.7087592043081657, "recall": 0.667962603850651, "roc_auc": 0.7451471738387838}, "dt": {"accuracy": 0.6883173975162106, "recall": 0.6402476439508774, "roc_auc": 0.6864325157559789}, "gbc": {"accuracy": 0.7127706341356193, "recall": 0.664829880635343, "roc_auc": 0.7397928587768068}, "nb": {"accuracy": 0.5179690075832509, "recall": 0.5404456132196068, "roc_auc": 0.5531589521958277}}