{"lr": {"accuracy": 0.7473014649190439, "recall": 0.49987106756059824, "roc_auc": 0.5976969812093272}, "rf": {"accuracy": 0.7591557440246723, "recall": 0.5473553102449126, "roc_auc": 0.6908739700168104}, "xgb": {"accuracy": 0.7625289128758674, "recall": 0.5665456735784953, "roc_auc": 0.6938191904617552}, "lgbm": {"accuracy": 0.7598303777949114, "recall": 0.5440153695341503, "roc_auc": 0.6857152699313803}, "dt": {"accuracy": 0.7588666152659984, "recall": 0.5671289206287966, "roc_auc": 0.6706859796306429}, "gbc": {"accuracy": 0.7492289899768697, "recall": 0.5052043431531954, "roc_auc": 0.6733027914365239}, "nb": {"accuracy": 0.5732459521973786, "recall": 0.5716151789897208, "roc_auc": 0.5682047437295529}}