{"lr": {"accuracy": 0.5136278711946368, "recall": 0.5643869462331425, "roc_auc": 0.5936993774921736}, "lgbm": {"accuracy": 0.7099681283657545, "recall": 0.6667522080325099, "roc_auc": 0.7366067392176271}, "dt": {"accuracy": 0.6913946587537092, "recall": 0.6268546192396574, "roc_auc": 0.6694716222998477}, "nb": {"accuracy": 0.515880866029234, "recall": 0.5400102685049685, "roc_auc": 0.5528421594632309}}