{"lr": {"accuracy": 0.5159907682162875, "recall": 0.5641573817915015, "roc_auc": 0.5948689330008822}, "rf": {"accuracy": 0.7056269919771403, "recall": 0.6603915954184255, "roc_auc": 0.7194431417907083}, "xgb": {"accuracy": 0.6993076162215628, "recall": 0.6646500239258113, "roc_auc": 0.7326984263614991}, "lgbm": {"accuracy": 0.6979338388833938, "recall": 0.6642011198743346, "roc_auc": 0.7356439377754213}, "dt": {"accuracy": 0.6876579843938895, "recall": 0.6294939537456348, "roc_auc": 0.6707150902110499}, "gbc": {"accuracy": 0.671667216177602, "recall": 0.6426351200457223, "roc_auc": 0.7009547868265686}, "nb": {"accuracy": 0.5179690075832509, "recall": 0.5404456132196068, "roc_auc": 0.5531589521958277}}