{"lr": {"accuracy": 0.5773734838979506, "recall": 0.5528480923836745, "roc_auc": 0.5895509883057009}, "rf": {"accuracy": 0.6599749058971142, "recall": 0.6535140886056711, "roc_auc": 0.713770546048763}, "xgb": {"accuracy": 0.6473232956921791, "recall": 0.6414004085158124, "roc_auc": 0.7062798096770339}, "lgbm": {"accuracy": 0.643245503973233, "recall": 0.637476374239461, "roc_auc": 0.7054919974714456}, "dt": {"accuracy": 0.6205562526139691, "recall": 0.6061168014175722, "roc_auc": 0.6656847423704261}, "gbc": {"accuracy": 0.6494144709326641, "recall": 0.6434705255894326, "roc_auc": 0.703288184233535}, "nb": {"accuracy": 0.5462149728147219, "recall": 0.5411251078351469, "roc_auc": 0.5598027422210854}}