{"lr": {"accuracy": 0.5693573121427575, "recall": 0.5489906445590271, "roc_auc": 0.5814567109195365}, "rf": {"accuracy": 0.6751707793113063, "recall": 0.6714368112246496, "roc_auc": 0.7467731325142688}, "xgb": {"accuracy": 0.6746131325805103, "recall": 0.6702509742314222, "roc_auc": 0.7425217557467123}, "lgbm": {"accuracy": 0.6760072494075003, "recall": 0.670815229649214, "roc_auc": 0.7501778128974457}, "dt": {"accuracy": 0.6267949254147498, "recall": 0.6272056865668836, "roc_auc": 0.6636474629259521}, "gbc": {"accuracy": 0.6750313676286073, "recall": 0.6702522272621905, "roc_auc": 0.7447816750515308}, "nb": {"accuracy": 0.5400808587759655, "recall": 0.5332047279983461, "roc_auc": 0.5507190438748724}}