{"lr": {"metrics": {"accuracy": 0.6005917159763313, "recall": 0.6009625169884905, "average": 0.6135480948495181}}, "rf": {"metrics": {"accuracy": 0.6634615384615384, "recall": 0.6636169453763949, "average": 0.6847202364087446}}, "svc": {"metrics": {"accuracy": 0.625, "recall": 0.6253963981117334, "average": 0.6387222867839575}}, "xgb": {"metrics": {"accuracy": 0.639792899408284, "recall": 0.6407423942993082, "average": 0.6662549671668406}}, "lgbm": {"metrics": {"accuracy": 0.6560650887573964, "recall": 0.6565414169002926, "average": 0.6800523590643953}}, "dt": {"metrics": {"accuracy": 0.6146449704142012, "recall": 0.6151321764745791, "average": 0.6328296660053282}}, "gbc": {"metrics": {"accuracy": 0.6375739644970414, "recall": 0.6385002418329404, "average": 0.6621048576510323}}}