{"lr": {"accuracy": 0.5798131883451834, "recall": 0.5559508476807911, "roc_auc": 0.5922970908881475}, "rf": {"accuracy": 0.6877178307542172, "recall": 0.6821606236261507, "roc_auc": 0.7500315435086206}, "xgb": {"accuracy": 0.6787954830614805, "recall": 0.6729389338074381, "roc_auc": 0.7518941798460207}, "lgbm": {"accuracy": 0.6820019517635578, "recall": 0.6757833030008233, "roc_auc": 0.7515686618223579}, "dt": {"accuracy": 0.6401784469538547, "recall": 0.638625246011904, "roc_auc": 0.671666208161106}, "gbc": {"accuracy": 0.6740554858497142, "recall": 0.6682899542085553, "roc_auc": 0.7413436216436177}, "nb": {"accuracy": 0.5502579116129932, "recall": 0.5421501310938802, "roc_auc": 0.5573127504354495}}