{"lr": {"accuracy": 0.5927784748361913, "recall": 0.565402197996079, "roc_auc": 0.5947559528075923}, "rf": {"accuracy": 0.6826990101770528, "recall": 0.6763728023780512, "roc_auc": 0.7522174114748533}, "xgb": {"accuracy": 0.6778196012825874, "recall": 0.6702548654666666, "roc_auc": 0.7479941493890647}, "lgbm": {"accuracy": 0.6782378363306845, "recall": 0.6701477066597564, "roc_auc": 0.751673071515606}, "dt": {"accuracy": 0.6387843301268646, "recall": 0.6379781287339192, "roc_auc": 0.673921027779375}, "gbc": {"accuracy": 0.6780984246479855, "recall": 0.6702156014716318, "roc_auc": 0.7446886487278388}, "nb": {"accuracy": 0.5498396765648962, "recall": 0.5425555150357078, "roc_auc": 0.5587264918152095}}