{"lr": {"accuracy": 0.7473014649190439, "recall": 0.49987106756059824, "roc_auc": 0.5975592400269282}, "lgbm": {"accuracy": 0.7634926754047803, "recall": 0.5680749501001933, "roc_auc": 0.6963511381486484}, "dt": {"accuracy": 0.7140516576715498, "recall": 0.5860586632757107, "roc_auc": 0.6214002259762449}, "nb": {"accuracy": 0.5732459521973786, "recall": 0.5716151789897208, "roc_auc": 0.5682047437295529}}