{"lr": {"accuracy": 0.5437960215408286, "recall": 0.5747779485952377, "roc_auc": 0.5986520682593539}, "lgbm": {"accuracy": 0.7099681283657545, "recall": 0.67149911487258, "roc_auc": 0.7423052719675964}, "dt": {"accuracy": 0.6888669084514781, "recall": 0.6247344036947681, "roc_auc": 0.6684736372580565}, "nb": {"accuracy": 0.5246730409935157, "recall": 0.5424178149897838, "roc_auc": 0.5624289836251427}}