{"lr": {"metrics": {"accuracy": 0.3793103448275862, "recall": 0.43953728706203954, "average": 0.40942381594481286}}, "rf": {"metrics": {"accuracy": 0.7629310344827587, "recall": 0.6013431700312889, "average": 0.6821371022570237}}, "svc": {"metrics": {"accuracy": 0.6508620689655172, "recall": 0.48148612480295644, "average": 0.5661740968842368}}, "xgb": {"metrics": {"accuracy": 0.7370689655172413, "recall": 0.552562220507765, "average": 0.6448155930125032}}, "lgbm": {"metrics": {"accuracy": 0.771551724137931, "recall": 0.5610383062115735, "average": 0.6662950151747522}}, "dt": {"metrics": {"accuracy": 0.6293103448275862, "recall": 0.5378482491106252, "average": 0.5835792969691057}}, "gbc": {"metrics": {"accuracy": 0.7456896551724138, "recall": 0.5813455750336939, "average": 0.6635176151030538}}}