{"lr": {"accuracy": 0.5159907682162875, "recall": 0.5641573817915015, "roc_auc": 0.5948689330008822}, "lgbm": {"accuracy": 0.6979338388833938, "recall": 0.6642011198743346, "roc_auc": 0.7356439377754213}, "dt": {"accuracy": 0.6877129354874162, "recall": 0.6289035840558488, "roc_auc": 0.6717991436991075}, "nb": {"accuracy": 0.5179690075832509, "recall": 0.5404456132196068, "roc_auc": 0.5531589521958277}}